filename,path,file type,size (bytes)
011084.csv,/pub10/ushcn_snow/R_input/AL,csv,2305500
012813.csv,/pub10/ushcn_snow/R_input/AL,csv,1705575
013160.csv,/pub10/ushcn_snow/R_input/AL,csv,1794624
013511.csv,/pub10/ushcn_snow/R_input/AL,csv,2407104
013816.csv,/pub10/ushcn_snow/R_input/AL,csv,2073750
015749.csv,/pub10/ushcn_snow/R_input/AL,csv,1635660
017157.csv,/pub10/ushcn_snow/R_input/AL,csv,2671650
017304.csv,/pub10/ushcn_snow/R_input/AL,csv,2574576
017366.csv,/pub10/ushcn_snow/R_input/AL,csv,2202424
018024.csv,/pub10/ushcn_snow/R_input/AL,csv,2114806
018178.csv,/pub10/ushcn_snow/R_input/AL,csv,2519376
018323.csv,/pub10/ushcn_snow/R_input/AL,csv,2257992
018380.csv,/pub10/ushcn_snow/R_input/AL,csv,1366211
018438.csv,/pub10/ushcn_snow/R_input/AL,csv,1868113
018469.csv,/pub10/ushcn_snow/R_input/AL,csv,2192701
030936.csv,/pub10/ushcn_snow/R_input/AR,csv,2282140
031596.csv,/pub10/ushcn_snow/R_input/AR,csv,2972416
031632.csv,/pub10/ushcn_snow/R_input/AR,csv,2339376
032356.csv,/pub10/ushcn_snow/R_input/AR,csv,2561188
032444.csv,/pub10/ushcn_snow/R_input/AR,csv,3469748
032930.csv,/pub10/ushcn_snow/R_input/AR,csv,2298590
034572.csv,/pub10/ushcn_snow/R_input/AR,csv,2244280
034756.csv,/pub10/ushcn_snow/R_input/AR,csv,2021778
035186.csv,/pub10/ushcn_snow/R_input/AR,csv,2471097
035512.csv,/pub10/ushcn_snow/R_input/AR,csv,461955
035754.csv,/pub10/ushcn_snow/R_input/AR,csv,3111696
035820.csv,/pub10/ushcn_snow/R_input/AR,csv,2389164
035908.csv,/pub10/ushcn_snow/R_input/AR,csv,2450316
036253.csv,/pub10/ushcn_snow/R_input/AR,csv,1396602
036928.csv,/pub10/ushcn_snow/R_input/AR,csv,2337996
020080.csv,/pub10/ushcn_snow/R_input/AZ,csv,2289365
021026.csv,/pub10/ushcn_snow/R_input/AZ,csv,2675889
021248.csv,/pub10/ushcn_snow/R_input/AZ,csv,1201824
021514.csv,/pub10/ushcn_snow/R_input/AZ,csv,1604772
021614.csv,/pub10/ushcn_snow/R_input/AZ,csv,2210612
023160.csv,/pub10/ushcn_snow/R_input/AZ,csv,2571975
023596.csv,/pub10/ushcn_snow/R_input/AZ,csv,969014
024089.csv,/pub10/ushcn_snow/R_input/AZ,csv,2832270
024645.csv,/pub10/ushcn_snow/R_input/AZ,csv,681480
024849.csv,/pub10/ushcn_snow/R_input/AZ,csv,2178504
025512.csv,/pub10/ushcn_snow/R_input/AZ,csv,2335151
026250.csv,/pub10/ushcn_snow/R_input/AZ,csv,2818600
026353.csv,/pub10/ushcn_snow/R_input/AZ,csv,1542079
026796.csv,/pub10/ushcn_snow/R_input/AZ,csv,2917110
027281.csv,/pub10/ushcn_snow/R_input/AZ,csv,2952950
027370.csv,/pub10/ushcn_snow/R_input/AZ,csv,2406651
027390.csv,/pub10/ushcn_snow/R_input/AZ,csv,2019780
027435.csv,/pub10/ushcn_snow/R_input/AZ,csv,2777942
027716.csv,/pub10/ushcn_snow/R_input/AZ,csv,2623390
028619.csv,/pub10/ushcn_snow/R_input/AZ,csv,2847029
028815.csv,/pub10/ushcn_snow/R_input/AZ,csv,2969568
029271.csv,/pub10/ushcn_snow/R_input/AZ,csv,2805264
029287.csv,/pub10/ushcn_snow/R_input/AZ,csv,2695464
029359.csv,/pub10/ushcn_snow/R_input/AZ,csv,2812950
029652.csv,/pub10/ushcn_snow/R_input/AZ,csv,2350502
040693.csv,/pub10/ushcn_snow/R_input/CA,csv,2350250
040924.csv,/pub10/ushcn_snow/R_input/CA,csv,1555908
041048.csv,/pub10/ushcn_snow/R_input/CA,csv,2193878
041614.csv,/pub10/ushcn_snow/R_input/CA,csv,2464488
041715.csv,/pub10/ushcn_snow/R_input/CA,csv,1783705
041758.csv,/pub10/ushcn_snow/R_input/CA,csv,1790982
041912.csv,/pub10/ushcn_snow/R_input/CA,csv,1927460
042239.csv,/pub10/ushcn_snow/R_input/CA,csv,2007670
042294.csv,/pub10/ushcn_snow/R_input/CA,csv,1804495
042319.csv,/pub10/ushcn_snow/R_input/CA,csv,1437006
042728.csv,/pub10/ushcn_snow/R_input/CA,csv,1665860
042910.csv,/pub10/ushcn_snow/R_input/CA,csv,2200330
042941.csv,/pub10/ushcn_snow/R_input/CA,csv,1995140
043161.csv,/pub10/ushcn_snow/R_input/CA,csv,1673658
043257.csv,/pub10/ushcn_snow/R_input/CA,csv,1943040
043747.csv,/pub10/ushcn_snow/R_input/CA,csv,2215185
043761.csv,/pub10/ushcn_snow/R_input/CA,csv,2378700
043875.csv,/pub10/ushcn_snow/R_input/CA,csv,1755504
044232.csv,/pub10/ushcn_snow/R_input/CA,csv,1776740
044259.csv,/pub10/ushcn_snow/R_input/CA,csv,2100488
044713.csv,/pub10/ushcn_snow/R_input/CA,csv,2325220
044890.csv,/pub10/ushcn_snow/R_input/CA,csv,1868976
044997.csv,/pub10/ushcn_snow/R_input/CA,csv,1808796
045032.csv,/pub10/ushcn_snow/R_input/CA,csv,1685244
045385.csv,/pub10/ushcn_snow/R_input/CA,csv,1707408
045532.csv,/pub10/ushcn_snow/R_input/CA,csv,1722372
045983.csv,/pub10/ushcn_snow/R_input/CA,csv,1633497
046074.csv,/pub10/ushcn_snow/R_input/CA,csv,1905768
046118.csv,/pub10/ushcn_snow/R_input/CA,csv,1450944
046175.csv,/pub10/ushcn_snow/R_input/CA,csv,2134788
046399.csv,/pub10/ushcn_snow/R_input/CA,csv,1682934
046506.csv,/pub10/ushcn_snow/R_input/CA,csv,1759772
046508.csv,/pub10/ushcn_snow/R_input/CA,csv,1923168
046719.csv,/pub10/ushcn_snow/R_input/CA,csv,2175670
046730.csv,/pub10/ushcn_snow/R_input/CA,csv,1735356
046826.csv,/pub10/ushcn_snow/R_input/CA,csv,1856828
047195.csv,/pub10/ushcn_snow/R_input/CA,csv,2113304
047304.csv,/pub10/ushcn_snow/R_input/CA,csv,358589
047306.csv,/pub10/ushcn_snow/R_input/CA,csv,2092510
047851.csv,/pub10/ushcn_snow/R_input/CA,csv,1971526
047902.csv,/pub10/ushcn_snow/R_input/CA,csv,2285175
047916.csv,/pub10/ushcn_snow/R_input/CA,csv,1876032
047965.csv,/pub10/ushcn_snow/R_input/CA,csv,1676520
048702.csv,/pub10/ushcn_snow/R_input/CA,csv,2225356
048758.csv,/pub10/ushcn_snow/R_input/CA,csv,2622168
048839.csv,/pub10/ushcn_snow/R_input/CA,csv,1893808
049087.csv,/pub10/ushcn_snow/R_input/CA,csv,2178504
049122.csv,/pub10/ushcn_snow/R_input/CA,csv,1527198
049200.csv,/pub10/ushcn_snow/R_input/CA,csv,1823777
049452.csv,/pub10/ushcn_snow/R_input/CA,csv,1751447
049490.csv,/pub10/ushcn_snow/R_input/CA,csv,1956692
049699.csv,/pub10/ushcn_snow/R_input/CA,csv,2046774
049855.csv,/pub10/ushcn_snow/R_input/CA,csv,2412930
049866.csv,/pub10/ushcn_snow/R_input/CA,csv,2001089
050848.csv,/pub10/ushcn_snow/R_input/CO,csv,2741922
051294.csv,/pub10/ushcn_snow/R_input/CO,csv,2706984
051528.csv,/pub10/ushcn_snow/R_input/CO,csv,2724750
051564.csv,/pub10/ushcn_snow/R_input/CO,csv,3108020
051741.csv,/pub10/ushcn_snow/R_input/CO,csv,2443630
052184.csv,/pub10/ushcn_snow/R_input/CO,csv,2410180
052281.csv,/pub10/ushcn_snow/R_input/CO,csv,2739600
052446.csv,/pub10/ushcn_snow/R_input/CO,csv,2296338
053005.csv,/pub10/ushcn_snow/R_input/CO,csv,3087360
053038.csv,/pub10/ushcn_snow/R_input/CO,csv,2585749
053146.csv,/pub10/ushcn_snow/R_input/CO,csv,2477036
053662.csv,/pub10/ushcn_snow/R_input/CO,csv,3029116
053951.csv,/pub10/ushcn_snow/R_input/CO,csv,2465976
054076.csv,/pub10/ushcn_snow/R_input/CO,csv,2589416
054770.csv,/pub10/ushcn_snow/R_input/CO,csv,2688576
054834.csv,/pub10/ushcn_snow/R_input/CO,csv,2812608
055322.csv,/pub10/ushcn_snow/R_input/CO,csv,2388297
055722.csv,/pub10/ushcn_snow/R_input/CO,csv,2905473
057167.csv,/pub10/ushcn_snow/R_input/CO,csv,3127663
057337.csv,/pub10/ushcn_snow/R_input/CO,csv,2500120
057936.csv,/pub10/ushcn_snow/R_input/CO,csv,3055562
058204.csv,/pub10/ushcn_snow/R_input/CO,csv,2799156
058429.csv,/pub10/ushcn_snow/R_input/CO,csv,2489550
059243.csv,/pub10/ushcn_snow/R_input/CO,csv,2504040
062658.csv,/pub10/ushcn_snow/R_input/CT,csv,2014575
063207.csv,/pub10/ushcn_snow/R_input/CT,csv,1522928
067970.csv,/pub10/ushcn_snow/R_input/CT,csv,1378916
068138.csv,/pub10/ushcn_snow/R_input/CT,csv,2659548
072730.csv,/pub10/ushcn_snow/R_input/DE,csv,2099981
073595.csv,/pub10/ushcn_snow/R_input/DE,csv,664050
075915.csv,/pub10/ushcn_snow/R_input/DE,csv,1838160
076410.csv,/pub10/ushcn_snow/R_input/DE,csv,1917396
079605.csv,/pub10/ushcn_snow/R_input/DE,csv,2252205
080211.csv,/pub10/ushcn_snow/R_input/FL,csv,2273425
080228.csv,/pub10/ushcn_snow/R_input/FL,csv,1524969
080478.csv,/pub10/ushcn_snow/R_input/FL,csv,1547816
080611.csv,/pub10/ushcn_snow/R_input/FL,csv,1459927
082220.csv,/pub10/ushcn_snow/R_input/FL,csv,1727973
082850.csv,/pub10/ushcn_snow/R_input/FL,csv,1573344
082915.csv,/pub10/ushcn_snow/R_input/FL,csv,1691625
082944.csv,/pub10/ushcn_snow/R_input/FL,csv,1856244
083163.csv,/pub10/ushcn_snow/R_input/FL,csv,1702800
083186.csv,/pub10/ushcn_snow/R_input/FL,csv,1481013
083207.csv,/pub10/ushcn_snow/R_input/FL,csv,1627604
084289.csv,/pub10/ushcn_snow/R_input/FL,csv,1702476
084570.csv,/pub10/ushcn_snow/R_input/FL,csv,1338948
084731.csv,/pub10/ushcn_snow/R_input/FL,csv,1675500
085275.csv,/pub10/ushcn_snow/R_input/FL,csv,1485570
086414.csv,/pub10/ushcn_snow/R_input/FL,csv,1550380
086997.csv,/pub10/ushcn_snow/R_input/FL,csv,1825137
087020.csv,/pub10/ushcn_snow/R_input/FL,csv,913896
087851.csv,/pub10/ushcn_snow/R_input/FL,csv,1623060
088758.csv,/pub10/ushcn_snow/R_input/FL,csv,1492640
088824.csv,/pub10/ushcn_snow/R_input/FL,csv,1907423
088942.csv,/pub10/ushcn_snow/R_input/FL,csv,1656576
090140.csv,/pub10/ushcn_snow/R_input/GA,csv,3124327
090586.csv,/pub10/ushcn_snow/R_input/GA,csv,924537
091340.csv,/pub10/ushcn_snow/R_input/GA,csv,2072135
091500.csv,/pub10/ushcn_snow/R_input/GA,csv,1788646
092318.csv,/pub10/ushcn_snow/R_input/GA,csv,1752635
092475.csv,/pub10/ushcn_snow/R_input/GA,csv,2160672
092966.csv,/pub10/ushcn_snow/R_input/GA,csv,1717179
093621.csv,/pub10/ushcn_snow/R_input/GA,csv,2333883
093754.csv,/pub10/ushcn_snow/R_input/GA,csv,2242760
094170.csv,/pub10/ushcn_snow/R_input/GA,csv,2201796
095874.csv,/pub10/ushcn_snow/R_input/GA,csv,1867200
095882.csv,/pub10/ushcn_snow/R_input/GA,csv,1781424
096335.csv,/pub10/ushcn_snow/R_input/GA,csv,1762930
097276.csv,/pub10/ushcn_snow/R_input/GA,csv,2975688
097600.csv,/pub10/ushcn_snow/R_input/GA,csv,2149752
097847.csv,/pub10/ushcn_snow/R_input/GA,csv,1763658
098535.csv,/pub10/ushcn_snow/R_input/GA,csv,2124675
098703.csv,/pub10/ushcn_snow/R_input/GA,csv,2179536
098740.csv,/pub10/ushcn_snow/R_input/GA,csv,2117724
099141.csv,/pub10/ushcn_snow/R_input/GA,csv,2120060
099157.csv,/pub10/ushcn_snow/R_input/GA,csv,2008188
099186.csv,/pub10/ushcn_snow/R_input/GA,csv,2152050
099291.csv,/pub10/ushcn_snow/R_input/GA,csv,2197152
HEADER,/pub10/ushcn_snow/R_input/,no extension,579
130112.csv,/pub10/ushcn_snow/R_input/IA,csv,2795900
130133.csv,/pub10/ushcn_snow/R_input/IA,csv,3144816
130600.csv,/pub10/ushcn_snow/R_input/IA,csv,2914712
131402.csv,/pub10/ushcn_snow/R_input/IA,csv,1926960
131533.csv,/pub10/ushcn_snow/R_input/IA,csv,3093510
131635.csv,/pub10/ushcn_snow/R_input/IA,csv,2813544
132724.csv,/pub10/ushcn_snow/R_input/IA,csv,2922689
132789.csv,/pub10/ushcn_snow/R_input/IA,csv,2940607
132864.csv,/pub10/ushcn_snow/R_input/IA,csv,2945679
132977.csv,/pub10/ushcn_snow/R_input/IA,csv,3035180
132999.csv,/pub10/ushcn_snow/R_input/IA,csv,2923382
134063.csv,/pub10/ushcn_snow/R_input/IA,csv,3230026
134142.csv,/pub10/ushcn_snow/R_input/IA,csv,2816208
134735.csv,/pub10/ushcn_snow/R_input/IA,csv,2940435
134894.csv,/pub10/ushcn_snow/R_input/IA,csv,2887901
135769.csv,/pub10/ushcn_snow/R_input/IA,csv,2864772
135796.csv,/pub10/ushcn_snow/R_input/IA,csv,3115602
135952.csv,/pub10/ushcn_snow/R_input/IA,csv,3050962
137147.csv,/pub10/ushcn_snow/R_input/IA,csv,3008841
137161.csv,/pub10/ushcn_snow/R_input/IA,csv,3187350
137979.csv,/pub10/ushcn_snow/R_input/IA,csv,3182880
138296.csv,/pub10/ushcn_snow/R_input/IA,csv,2762397
138688.csv,/pub10/ushcn_snow/R_input/IA,csv,3179448
100010.csv,/pub10/ushcn_snow/R_input/ID,csv,2650752
100448.csv,/pub10/ushcn_snow/R_input/ID,csv,2356875
100470.csv,/pub10/ushcn_snow/R_input/ID,csv,2734423
100803.csv,/pub10/ushcn_snow/R_input/ID,csv,530244
101408.csv,/pub10/ushcn_snow/R_input/ID,csv,2677978
101956.csv,/pub10/ushcn_snow/R_input/ID,csv,2563425
102845.csv,/pub10/ushcn_snow/R_input/ID,csv,1391544
103143.csv,/pub10/ushcn_snow/R_input/ID,csv,1852305
103631.csv,/pub10/ushcn_snow/R_input/ID,csv,2398562
103732.csv,/pub10/ushcn_snow/R_input/ID,csv,2311567
104140.csv,/pub10/ushcn_snow/R_input/ID,csv,2227960
104295.csv,/pub10/ushcn_snow/R_input/ID,csv,2224785
104670.csv,/pub10/ushcn_snow/R_input/ID,csv,2084676
104831.csv,/pub10/ushcn_snow/R_input/ID,csv,2707215
104845.csv,/pub10/ushcn_snow/R_input/ID,csv,1073880
105241.csv,/pub10/ushcn_snow/R_input/ID,csv,1513144
105275.csv,/pub10/ushcn_snow/R_input/ID,csv,2714480
105462.csv,/pub10/ushcn_snow/R_input/ID,csv,2772666
105559.csv,/pub10/ushcn_snow/R_input/ID,csv,1542960
105685.csv,/pub10/ushcn_snow/R_input/ID,csv,1693370
106152.csv,/pub10/ushcn_snow/R_input/ID,csv,3271575
106305.csv,/pub10/ushcn_snow/R_input/ID,csv,931824
106388.csv,/pub10/ushcn_snow/R_input/ID,csv,2748996
106542.csv,/pub10/ushcn_snow/R_input/ID,csv,2737000
106891.csv,/pub10/ushcn_snow/R_input/ID,csv,2601093
107264.csv,/pub10/ushcn_snow/R_input/ID,csv,2595320
107386.csv,/pub10/ushcn_snow/R_input/ID,csv,3198902
108080.csv,/pub10/ushcn_snow/R_input/ID,csv,1228590
108137.csv,/pub10/ushcn_snow/R_input/ID,csv,2916838
110072.csv,/pub10/ushcn_snow/R_input/IL,csv,2753164
110187.csv,/pub10/ushcn_snow/R_input/IL,csv,2977776
110338.csv,/pub10/ushcn_snow/R_input/IL,csv,2826624
111280.csv,/pub10/ushcn_snow/R_input/IL,csv,3005410
111436.csv,/pub10/ushcn_snow/R_input/IL,csv,2942784
112140.csv,/pub10/ushcn_snow/R_input/IL,csv,2684430
112193.csv,/pub10/ushcn_snow/R_input/IL,csv,3023441
112348.csv,/pub10/ushcn_snow/R_input/IL,csv,2951352
112483.csv,/pub10/ushcn_snow/R_input/IL,csv,2974125
113335.csv,/pub10/ushcn_snow/R_input/IL,csv,2807300
113879.csv,/pub10/ushcn_snow/R_input/IL,csv,2807496
114108.csv,/pub10/ushcn_snow/R_input/IL,csv,2874009
114198.csv,/pub10/ushcn_snow/R_input/IL,csv,3046308
114442.csv,/pub10/ushcn_snow/R_input/IL,csv,3250016
114823.csv,/pub10/ushcn_snow/R_input/IL,csv,2931180
115079.csv,/pub10/ushcn_snow/R_input/IL,csv,2671404
115326.csv,/pub10/ushcn_snow/R_input/IL,csv,2894343
115515.csv,/pub10/ushcn_snow/R_input/IL,csv,2759181
115712.csv,/pub10/ushcn_snow/R_input/IL,csv,2754884
115768.csv,/pub10/ushcn_snow/R_input/IL,csv,2962890
115833.csv,/pub10/ushcn_snow/R_input/IL,csv,2916340
115901.csv,/pub10/ushcn_snow/R_input/IL,csv,2995416
115943.csv,/pub10/ushcn_snow/R_input/IL,csv,3133632
116446.csv,/pub10/ushcn_snow/R_input/IL,csv,2875250
116526.csv,/pub10/ushcn_snow/R_input/IL,csv,3005568
116558.csv,/pub10/ushcn_snow/R_input/IL,csv,2947068
116579.csv,/pub10/ushcn_snow/R_input/IL,csv,2794500
116610.csv,/pub10/ushcn_snow/R_input/IL,csv,3113775
116738.csv,/pub10/ushcn_snow/R_input/IL,csv,571824
116910.csv,/pub10/ushcn_snow/R_input/IL,csv,2788911
117551.csv,/pub10/ushcn_snow/R_input/IL,csv,2879831
118147.csv,/pub10/ushcn_snow/R_input/IL,csv,2966904
118740.csv,/pub10/ushcn_snow/R_input/IL,csv,2771272
118916.csv,/pub10/ushcn_snow/R_input/IL,csv,2849268
119241.csv,/pub10/ushcn_snow/R_input/IL,csv,3088488
119354.csv,/pub10/ushcn_snow/R_input/IL,csv,2727984
120177.csv,/pub10/ushcn_snow/R_input/IN,csv,3017817
120200.csv,/pub10/ushcn_snow/R_input/IN,csv,2505868
120676.csv,/pub10/ushcn_snow/R_input/IN,csv,2717208
120784.csv,/pub10/ushcn_snow/R_input/IN,csv,3215619
121030.csv,/pub10/ushcn_snow/R_input/IN,csv,2125800
121229.csv,/pub10/ushcn_snow/R_input/IN,csv,2561600
121425.csv,/pub10/ushcn_snow/R_input/IN,csv,892779
121747.csv,/pub10/ushcn_snow/R_input/IN,csv,2845570
121873.csv,/pub10/ushcn_snow/R_input/IN,csv,911817
122149.csv,/pub10/ushcn_snow/R_input/IN,csv,2743848
123418.csv,/pub10/ushcn_snow/R_input/IN,csv,2403216
123513.csv,/pub10/ushcn_snow/R_input/IN,csv,2726724
123527.csv,/pub10/ushcn_snow/R_input/IN,csv,2432016
124008.csv,/pub10/ushcn_snow/R_input/IN,csv,2015760
124181.csv,/pub10/ushcn_snow/R_input/IN,csv,911520
124837.csv,/pub10/ushcn_snow/R_input/IN,csv,1664970
125237.csv,/pub10/ushcn_snow/R_input/IN,csv,2759200
125337.csv,/pub10/ushcn_snow/R_input/IN,csv,3085056
126001.csv,/pub10/ushcn_snow/R_input/IN,csv,2970782
126580.csv,/pub10/ushcn_snow/R_input/IN,csv,3061538
126705.csv,/pub10/ushcn_snow/R_input/IN,csv,2667739
127125.csv,/pub10/ushcn_snow/R_input/IN,csv,3008550
127298.csv,/pub10/ushcn_snow/R_input/IN,csv,997992
127482.csv,/pub10/ushcn_snow/R_input/IN,csv,2374240
127522.csv,/pub10/ushcn_snow/R_input/IN,csv,2944867
127646.csv,/pub10/ushcn_snow/R_input/IN,csv,2868329
127755.csv,/pub10/ushcn_snow/R_input/IN,csv,2247448
127875.csv,/pub10/ushcn_snow/R_input/IN,csv,2830752
127935.csv,/pub10/ushcn_snow/R_input/IN,csv,2613692
128036.csv,/pub10/ushcn_snow/R_input/IN,csv,2422584
129080.csv,/pub10/ushcn_snow/R_input/IN,csv,1440567
129113.csv,/pub10/ushcn_snow/R_input/IN,csv,851580
129253.csv,/pub10/ushcn_snow/R_input/IN,csv,3115620
129511.csv,/pub10/ushcn_snow/R_input/IN,csv,2214216
129557.csv,/pub10/ushcn_snow/R_input/IN,csv,2978064
129670.csv,/pub10/ushcn_snow/R_input/IN,csv,2482848
140264.csv,/pub10/ushcn_snow/R_input/KS,csv,2453157
140365.csv,/pub10/ushcn_snow/R_input/KS,csv,2847906
140405.csv,/pub10/ushcn_snow/R_input/KS,csv,2689120
141704.csv,/pub10/ushcn_snow/R_input/KS,csv,2611238
141740.csv,/pub10/ushcn_snow/R_input/KS,csv,2888340
141867.csv,/pub10/ushcn_snow/R_input/KS,csv,1370560
142401.csv,/pub10/ushcn_snow/R_input/KS,csv,2790087
142459.csv,/pub10/ushcn_snow/R_input/KS,csv,2681457
142835.csv,/pub10/ushcn_snow/R_input/KS,csv,2537990
143527.csv,/pub10/ushcn_snow/R_input/KS,csv,2984310
143810.csv,/pub10/ushcn_snow/R_input/KS,csv,2834784
143954.csv,/pub10/ushcn_snow/R_input/KS,csv,3080398
144087.csv,/pub10/ushcn_snow/R_input/KS,csv,1224774
144464.csv,/pub10/ushcn_snow/R_input/KS,csv,2527106
144530.csv,/pub10/ushcn_snow/R_input/KS,csv,2582980
144559.csv,/pub10/ushcn_snow/R_input/KS,csv,2746800
144588.csv,/pub10/ushcn_snow/R_input/KS,csv,2327605
144695.csv,/pub10/ushcn_snow/R_input/KS,csv,2483517
144972.csv,/pub10/ushcn_snow/R_input/KS,csv,3020340
145152.csv,/pub10/ushcn_snow/R_input/KS,csv,2966806
145173.csv,/pub10/ushcn_snow/R_input/KS,csv,2719888
145363.csv,/pub10/ushcn_snow/R_input/KS,csv,3016506
145856.csv,/pub10/ushcn_snow/R_input/KS,csv,2764583
145906.csv,/pub10/ushcn_snow/R_input/KS,csv,2724327
145972.csv,/pub10/ushcn_snow/R_input/KS,csv,2522701
146128.csv,/pub10/ushcn_snow/R_input/KS,csv,2810236
147093.csv,/pub10/ushcn_snow/R_input/KS,csv,2894475
147271.csv,/pub10/ushcn_snow/R_input/KS,csv,2665008
147305.csv,/pub10/ushcn_snow/R_input/KS,csv,2410124
147542.csv,/pub10/ushcn_snow/R_input/KS,csv,2534345
148495.csv,/pub10/ushcn_snow/R_input/KS,csv,2557450
150254.csv,/pub10/ushcn_snow/R_input/KY,csv,2081109
150381.csv,/pub10/ushcn_snow/R_input/KY,csv,1584414
150619.csv,/pub10/ushcn_snow/R_input/KY,csv,2116575
150909.csv,/pub10/ushcn_snow/R_input/KY,csv,2706132
152791.csv,/pub10/ushcn_snow/R_input/KY,csv,2406007
153028.csv,/pub10/ushcn_snow/R_input/KY,csv,2574880
153430.csv,/pub10/ushcn_snow/R_input/KY,csv,2444256
153762.csv,/pub10/ushcn_snow/R_input/KY,csv,2377529
153994.csv,/pub10/ushcn_snow/R_input/KY,csv,2436746
154703.csv,/pub10/ushcn_snow/R_input/KY,csv,2330405
157324.csv,/pub10/ushcn_snow/R_input/KY,csv,2493953
158709.csv,/pub10/ushcn_snow/R_input/KY,csv,1120730
158714.csv,/pub10/ushcn_snow/R_input/KY,csv,2119026
160098.csv,/pub10/ushcn_snow/R_input/LA,csv,2658168
160205.csv,/pub10/ushcn_snow/R_input/LA,csv,2120885
160537.csv,/pub10/ushcn_snow/R_input/LA,csv,1944351
160549.csv,/pub10/ushcn_snow/R_input/LA,csv,2378492
161287.csv,/pub10/ushcn_snow/R_input/LA,csv,1341164
161411.csv,/pub10/ushcn_snow/R_input/LA,csv,2719548
162151.csv,/pub10/ushcn_snow/R_input/LA,csv,2795485
162534.csv,/pub10/ushcn_snow/R_input/LA,csv,3192048
163313.csv,/pub10/ushcn_snow/R_input/LA,csv,2478375
163800.csv,/pub10/ushcn_snow/R_input/LA,csv,2468936
164407.csv,/pub10/ushcn_snow/R_input/LA,csv,2395250
164700.csv,/pub10/ushcn_snow/R_input/LA,csv,2251970
165026.csv,/pub10/ushcn_snow/R_input/LA,csv,2288671
166664.csv,/pub10/ushcn_snow/R_input/LA,csv,2356209
167344.csv,/pub10/ushcn_snow/R_input/LA,csv,2894560
168163.csv,/pub10/ushcn_snow/R_input/LA,csv,2558775
169013.csv,/pub10/ushcn_snow/R_input/LA,csv,1059212
169806.csv,/pub10/ushcn_snow/R_input/LA,csv,2385768
190120.csv,/pub10/ushcn_snow/R_input/MA,csv,2582394
190535.csv,/pub10/ushcn_snow/R_input/MA,csv,1300167
190736.csv,/pub10/ushcn_snow/R_input/MA,csv,2548758
193213.csv,/pub10/ushcn_snow/R_input/MA,csv,780781
194105.csv,/pub10/ushcn_snow/R_input/MA,csv,2618140
195246.csv,/pub10/ushcn_snow/R_input/MA,csv,2099042
196486.csv,/pub10/ushcn_snow/R_input/MA,csv,2682919
196681.csv,/pub10/ushcn_snow/R_input/MA,csv,716542
196783.csv,/pub10/ushcn_snow/R_input/MA,csv,1350330
198367.csv,/pub10/ushcn_snow/R_input/MA,csv,1969191
198757.csv,/pub10/ushcn_snow/R_input/MA,csv,1067485
199316.csv,/pub10/ushcn_snow/R_input/MA,csv,1277646
180700.csv,/pub10/ushcn_snow/R_input/MD,csv,1672128
181385.csv,/pub10/ushcn_snow/R_input/MD,csv,2059512
181750.csv,/pub10/ushcn_snow/R_input/MD,csv,2182627
182282.csv,/pub10/ushcn_snow/R_input/MD,csv,999814
182523.csv,/pub10/ushcn_snow/R_input/MD,csv,1257768
183675.csv,/pub10/ushcn_snow/R_input/MD,csv,2192346
185111.csv,/pub10/ushcn_snow/R_input/MD,csv,2180304
185718.csv,/pub10/ushcn_snow/R_input/MD,csv,2296
185985.csv,/pub10/ushcn_snow/R_input/MD,csv,2101561
186620.csv,/pub10/ushcn_snow/R_input/MD,csv,2594440
186770.csv,/pub10/ushcn_snow/R_input/MD,csv,1906746
187330.csv,/pub10/ushcn_snow/R_input/MD,csv,2206125
187806.csv,/pub10/ushcn_snow/R_input/MD,csv,1813812
188000.csv,/pub10/ushcn_snow/R_input/MD,csv,2157406
189440.csv,/pub10/ushcn_snow/R_input/MD,csv,793350
189750.csv,/pub10/ushcn_snow/R_input/MD,csv,1138130
170100.csv,/pub10/ushcn_snow/R_input/ME,csv,728247
170814.csv,/pub10/ushcn_snow/R_input/ME,csv,2130067
171628.csv,/pub10/ushcn_snow/R_input/ME,csv,1621155
172426.csv,/pub10/ushcn_snow/R_input/ME,csv,2246370
172765.csv,/pub10/ushcn_snow/R_input/ME,csv,2531880
173046.csv,/pub10/ushcn_snow/R_input/ME,csv,2499490
173944.csv,/pub10/ushcn_snow/R_input/ME,csv,756072
174566.csv,/pub10/ushcn_snow/R_input/ME,csv,2547440
175304.csv,/pub10/ushcn_snow/R_input/ME,csv,2368120
176905.csv,/pub10/ushcn_snow/R_input/ME,csv,2098590
176937.csv,/pub10/ushcn_snow/R_input/ME,csv,2350832
179891.csv,/pub10/ushcn_snow/R_input/ME,csv,1976730
200032.csv,/pub10/ushcn_snow/R_input/MI,csv,2794906
200128.csv,/pub10/ushcn_snow/R_input/MI,csv,2234749
200146.csv,/pub10/ushcn_snow/R_input/MI,csv,2670228
200230.csv,/pub10/ushcn_snow/R_input/MI,csv,2888608
200779.csv,/pub10/ushcn_snow/R_input/MI,csv,3107760
201439.csv,/pub10/ushcn_snow/R_input/MI,csv,1775619
201486.csv,/pub10/ushcn_snow/R_input/MI,csv,769440
201492.csv,/pub10/ushcn_snow/R_input/MI,csv,2773473
201675.csv,/pub10/ushcn_snow/R_input/MI,csv,3431808
202423.csv,/pub10/ushcn_snow/R_input/MI,csv,2463912
202737.csv,/pub10/ushcn_snow/R_input/MI,csv,1887518
203632.csv,/pub10/ushcn_snow/R_input/MI,csv,2666664
203823.csv,/pub10/ushcn_snow/R_input/MI,csv,2823102
204090.csv,/pub10/ushcn_snow/R_input/MI,csv,3286836
204104.csv,/pub10/ushcn_snow/R_input/MI,csv,2790620
204244.csv,/pub10/ushcn_snow/R_input/MI,csv,2463608
205434.csv,/pub10/ushcn_snow/R_input/MI,csv,955995
205650.csv,/pub10/ushcn_snow/R_input/MI,csv,2863593
205662.csv,/pub10/ushcn_snow/R_input/MI,csv,2472990
205690.csv,/pub10/ushcn_snow/R_input/MI,csv,2453990
205816.csv,/pub10/ushcn_snow/R_input/MI,csv,2537188
206300.csv,/pub10/ushcn_snow/R_input/MI,csv,2513828
207690.csv,/pub10/ushcn_snow/R_input/MI,csv,2819187
207812.csv,/pub10/ushcn_snow/R_input/MI,csv,2316632
210018.csv,/pub10/ushcn_snow/R_input/MN,csv,2032160
210075.csv,/pub10/ushcn_snow/R_input/MN,csv,2887423
210252.csv,/pub10/ushcn_snow/R_input/MN,csv,1467644
210515.csv,/pub10/ushcn_snow/R_input/MN,csv,2094540
211465.csv,/pub10/ushcn_snow/R_input/MN,csv,1715708
211630.csv,/pub10/ushcn_snow/R_input/MN,csv,1661175
212142.csv,/pub10/ushcn_snow/R_input/MN,csv,2934873
212645.csv,/pub10/ushcn_snow/R_input/MN,csv,700484
212698.csv,/pub10/ushcn_snow/R_input/MN,csv,2627030
212737.csv,/pub10/ushcn_snow/R_input/MN,csv,2876489
212916.csv,/pub10/ushcn_snow/R_input/MN,csv,2228179
213290.csv,/pub10/ushcn_snow/R_input/MN,csv,2767526
213303.csv,/pub10/ushcn_snow/R_input/MN,csv,2005944
214106.csv,/pub10/ushcn_snow/R_input/MN,csv,1868751
214652.csv,/pub10/ushcn_snow/R_input/MN,csv,2756448
215175.csv,/pub10/ushcn_snow/R_input/MN,csv,557720
215400.csv,/pub10/ushcn_snow/R_input/MN,csv,2726136
215435.csv,/pub10/ushcn_snow/R_input/MN,csv,2229612
215563.csv,/pub10/ushcn_snow/R_input/MN,csv,2830982
215615.csv,/pub10/ushcn_snow/R_input/MN,csv,2361084
215638.csv,/pub10/ushcn_snow/R_input/MN,csv,1858475
215887.csv,/pub10/ushcn_snow/R_input/MN,csv,2691750
216152.csv,/pub10/ushcn_snow/R_input/MN,csv,941815
216360.csv,/pub10/ushcn_snow/R_input/MN,csv,2555014
216547.csv,/pub10/ushcn_snow/R_input/MN,csv,3191316
216565.csv,/pub10/ushcn_snow/R_input/MN,csv,2442116
217087.csv,/pub10/ushcn_snow/R_input/MN,csv,1976828
217405.csv,/pub10/ushcn_snow/R_input/MN,csv,2509990
217460.csv,/pub10/ushcn_snow/R_input/MN,csv,3014812
218419.csv,/pub10/ushcn_snow/R_input/MN,csv,2463239
218618.csv,/pub10/ushcn_snow/R_input/MN,csv,1891494
219046.csv,/pub10/ushcn_snow/R_input/MN,csv,2546557
219249.csv,/pub10/ushcn_snow/R_input/MN,csv,2278150
230204.csv,/pub10/ushcn_snow/R_input/MO,csv,2874450
230856.csv,/pub10/ushcn_snow/R_input/MO,csv,2183639
231037.csv,/pub10/ushcn_snow/R_input/MO,csv,2674783
231364.csv,/pub10/ushcn_snow/R_input/MO,csv,2776356
231711.csv,/pub10/ushcn_snow/R_input/MO,csv,2480136
231822.csv,/pub10/ushcn_snow/R_input/MO,csv,2814048
232289.csv,/pub10/ushcn_snow/R_input/MO,csv,2506770
232809.csv,/pub10/ushcn_snow/R_input/MO,csv,2502720
234271.csv,/pub10/ushcn_snow/R_input/MO,csv,3016480
234705.csv,/pub10/ushcn_snow/R_input/MO,csv,2520674
234825.csv,/pub10/ushcn_snow/R_input/MO,csv,2702232
234850.csv,/pub10/ushcn_snow/R_input/MO,csv,1439856
234904.csv,/pub10/ushcn_snow/R_input/MO,csv,2723570
235027.csv,/pub10/ushcn_snow/R_input/MO,csv,2748270
235253.csv,/pub10/ushcn_snow/R_input/MO,csv,2702095
235541.csv,/pub10/ushcn_snow/R_input/MO,csv,2570808
235671.csv,/pub10/ushcn_snow/R_input/MO,csv,1812147
235834.csv,/pub10/ushcn_snow/R_input/MO,csv,2804625
235976.csv,/pub10/ushcn_snow/R_input/MO,csv,2597600
237263.csv,/pub10/ushcn_snow/R_input/MO,csv,3412545
237963.csv,/pub10/ushcn_snow/R_input/MO,csv,1450918
238051.csv,/pub10/ushcn_snow/R_input/MO,csv,2883558
238223.csv,/pub10/ushcn_snow/R_input/MO,csv,1999725
238466.csv,/pub10/ushcn_snow/R_input/MO,csv,839296
238523.csv,/pub10/ushcn_snow/R_input/MO,csv,2542608
238725.csv,/pub10/ushcn_snow/R_input/MO,csv,2733600
220021.csv,/pub10/ushcn_snow/R_input/MS,csv,2097200
220488.csv,/pub10/ushcn_snow/R_input/MS,csv,2163084
220955.csv,/pub10/ushcn_snow/R_input/MS,csv,2004768
221094.csv,/pub10/ushcn_snow/R_input/MS,csv,2467157
221389.csv,/pub10/ushcn_snow/R_input/MS,csv,1783804
221707.csv,/pub10/ushcn_snow/R_input/MS,csv,2356776
221865.csv,/pub10/ushcn_snow/R_input/MS,csv,2175320
221880.csv,/pub10/ushcn_snow/R_input/MS,csv,818300
221962.csv,/pub10/ushcn_snow/R_input/MS,csv,2207198
222094.csv,/pub10/ushcn_snow/R_input/MS,csv,1268950
223107.csv,/pub10/ushcn_snow/R_input/MS,csv,2028508
223605.csv,/pub10/ushcn_snow/R_input/MS,csv,2450664
223887.csv,/pub10/ushcn_snow/R_input/MS,csv,2024484
223975.csv,/pub10/ushcn_snow/R_input/MS,csv,2214590
224173.csv,/pub10/ushcn_snow/R_input/MS,csv,1529756
224776.csv,/pub10/ushcn_snow/R_input/MS,csv,1909190
224939.csv,/pub10/ushcn_snow/R_input/MS,csv,1812880
225247.csv,/pub10/ushcn_snow/R_input/MS,csv,2319264
225987.csv,/pub10/ushcn_snow/R_input/MS,csv,1877400
226009.csv,/pub10/ushcn_snow/R_input/MS,csv,1876630
226177.csv,/pub10/ushcn_snow/R_input/MS,csv,2456814
226718.csv,/pub10/ushcn_snow/R_input/MS,csv,1764147
227111.csv,/pub10/ushcn_snow/R_input/MS,csv,1650012
227128.csv,/pub10/ushcn_snow/R_input/MS,csv,2395899
227132.csv,/pub10/ushcn_snow/R_input/MS,csv,2472912
228374.csv,/pub10/ushcn_snow/R_input/MS,csv,2287080
229079.csv,/pub10/ushcn_snow/R_input/MS,csv,2380104
229400.csv,/pub10/ushcn_snow/R_input/MS,csv,2140968
229426.csv,/pub10/ushcn_snow/R_input/MS,csv,707280
229439.csv,/pub10/ushcn_snow/R_input/MS,csv,1631948
229793.csv,/pub10/ushcn_snow/R_input/MS,csv,1986677
229860.csv,/pub10/ushcn_snow/R_input/MS,csv,1531374
240199.csv,/pub10/ushcn_snow/R_input/MT,csv,1316420
240364.csv,/pub10/ushcn_snow/R_input/MT,csv,2491728
240780.csv,/pub10/ushcn_snow/R_input/MT,csv,2592360
241044.csv,/pub10/ushcn_snow/R_input/MT,csv,2790214
241552.csv,/pub10/ushcn_snow/R_input/MT,csv,2883792
241722.csv,/pub10/ushcn_snow/R_input/MT,csv,2328543
241737.csv,/pub10/ushcn_snow/R_input/MT,csv,2568525
242173.csv,/pub10/ushcn_snow/R_input/MT,csv,2088457
242409.csv,/pub10/ushcn_snow/R_input/MT,csv,2567775
242689.csv,/pub10/ushcn_snow/R_input/MT,csv,1641993
242793.csv,/pub10/ushcn_snow/R_input/MT,csv,1798682
243013.csv,/pub10/ushcn_snow/R_input/MT,csv,2848872
243089.csv,/pub10/ushcn_snow/R_input/MT,csv,2093348
243110.csv,/pub10/ushcn_snow/R_input/MT,csv,1480864
243139.csv,/pub10/ushcn_snow/R_input/MT,csv,2658003
243558.csv,/pub10/ushcn_snow/R_input/MT,csv,1870176
243581.csv,/pub10/ushcn_snow/R_input/MT,csv,2929430
243751.csv,/pub10/ushcn_snow/R_input/MT,csv,2086352
243885.csv,/pub10/ushcn_snow/R_input/MT,csv,1868370
244038.csv,/pub10/ushcn_snow/R_input/MT,csv,2734128
244055.csv,/pub10/ushcn_snow/R_input/MT,csv,1867016
244345.csv,/pub10/ushcn_snow/R_input/MT,csv,1603140
244364.csv,/pub10/ushcn_snow/R_input/MT,csv,1376475
244522.csv,/pub10/ushcn_snow/R_input/MT,csv,1558084
244558.csv,/pub10/ushcn_snow/R_input/MT,csv,2900586
245015.csv,/pub10/ushcn_snow/R_input/MT,csv,2153400
245080.csv,/pub10/ushcn_snow/R_input/MT,csv,1743588
245338.csv,/pub10/ushcn_snow/R_input/MT,csv,989811
245572.csv,/pub10/ushcn_snow/R_input/MT,csv,2685440
245668.csv,/pub10/ushcn_snow/R_input/MT,csv,797598
245690.csv,/pub10/ushcn_snow/R_input/MT,csv,1755225
245761.csv,/pub10/ushcn_snow/R_input/MT,csv,1557270
246157.csv,/pub10/ushcn_snow/R_input/MT,csv,2918576
246472.csv,/pub10/ushcn_snow/R_input/MT,csv,1400072
246601.csv,/pub10/ushcn_snow/R_input/MT,csv,2375852
246918.csv,/pub10/ushcn_snow/R_input/MT,csv,2925768
247286.csv,/pub10/ushcn_snow/R_input/MT,csv,2891268
247318.csv,/pub10/ushcn_snow/R_input/MT,csv,920088
247382.csv,/pub10/ushcn_snow/R_input/MT,csv,2178720
248501.csv,/pub10/ushcn_snow/R_input/MT,csv,2416312
248569.csv,/pub10/ushcn_snow/R_input/MT,csv,1882494
248597.csv,/pub10/ushcn_snow/R_input/MT,csv,2685600
248857.csv,/pub10/ushcn_snow/R_input/MT,csv,1932996
248930.csv,/pub10/ushcn_snow/R_input/MT,csv,1012704
310090.csv,/pub10/ushcn_snow/R_input/NC,csv,2496431
311458.csv,/pub10/ushcn_snow/R_input/NC,csv,1187160
311677.csv,/pub10/ushcn_snow/R_input/NC,csv,2491566
312635.csv,/pub10/ushcn_snow/R_input/NC,csv,2444394
312719.csv,/pub10/ushcn_snow/R_input/NC,csv,2531332
313017.csv,/pub10/ushcn_snow/R_input/NC,csv,2705742
313510.csv,/pub10/ushcn_snow/R_input/NC,csv,2741396
313969.csv,/pub10/ushcn_snow/R_input/NC,csv,2839221
313976.csv,/pub10/ushcn_snow/R_input/NC,csv,2888703
314055.csv,/pub10/ushcn_snow/R_input/NC,csv,2576306
314684.csv,/pub10/ushcn_snow/R_input/NC,csv,2473820
314938.csv,/pub10/ushcn_snow/R_input/NC,csv,2503624
315123.csv,/pub10/ushcn_snow/R_input/NC,csv,2586459
315177.csv,/pub10/ushcn_snow/R_input/NC,csv,2718306
315340.csv,/pub10/ushcn_snow/R_input/NC,csv,2533392
315356.csv,/pub10/ushcn_snow/R_input/NC,csv,2583070
315771.csv,/pub10/ushcn_snow/R_input/NC,csv,2597851
315830.csv,/pub10/ushcn_snow/R_input/NC,csv,1844127
315838.csv,/pub10/ushcn_snow/R_input/NC,csv,2533280
315890.csv,/pub10/ushcn_snow/R_input/NC,csv,3150607
317202.csv,/pub10/ushcn_snow/R_input/NC,csv,1469314
317615.csv,/pub10/ushcn_snow/R_input/NC,csv,3096381
317994.csv,/pub10/ushcn_snow/R_input/NC,csv,2485224
318113.csv,/pub10/ushcn_snow/R_input/NC,csv,2592600
318292.csv,/pub10/ushcn_snow/R_input/NC,csv,3115839
318500.csv,/pub10/ushcn_snow/R_input/NC,csv,2662821
318694.csv,/pub10/ushcn_snow/R_input/NC,csv,1705542
319147.csv,/pub10/ushcn_snow/R_input/NC,csv,2791481
319476.csv,/pub10/ushcn_snow/R_input/NC,csv,2015019
320941.csv,/pub10/ushcn_snow/R_input/ND,csv,2925484
321408.csv,/pub10/ushcn_snow/R_input/ND,csv,861623
321871.csv,/pub10/ushcn_snow/R_input/ND,csv,2578424
322188.csv,/pub10/ushcn_snow/R_input/ND,csv,3140092
322365.csv,/pub10/ushcn_snow/R_input/ND,csv,2118956
323207.csv,/pub10/ushcn_snow/R_input/ND,csv,1906275
323287.csv,/pub10/ushcn_snow/R_input/ND,csv,2616691
323594.csv,/pub10/ushcn_snow/R_input/ND,csv,2010384
323621.csv,/pub10/ushcn_snow/R_input/ND,csv,3119854
324178.csv,/pub10/ushcn_snow/R_input/ND,csv,2130923
324203.csv,/pub10/ushcn_snow/R_input/ND,csv,2060325
324418.csv,/pub10/ushcn_snow/R_input/ND,csv,3413496
324958.csv,/pub10/ushcn_snow/R_input/ND,csv,2936466
325220.csv,/pub10/ushcn_snow/R_input/ND,csv,2149684
325479.csv,/pub10/ushcn_snow/R_input/ND,csv,2706816
326015.csv,/pub10/ushcn_snow/R_input/ND,csv,1741999
326155.csv,/pub10/ushcn_snow/R_input/ND,csv,1914990
326255.csv,/pub10/ushcn_snow/R_input/ND,csv,2954490
326315.csv,/pub10/ushcn_snow/R_input/ND,csv,2390677
326947.csv,/pub10/ushcn_snow/R_input/ND,csv,2163219
327530.csv,/pub10/ushcn_snow/R_input/ND,csv,2267538
328792.csv,/pub10/ushcn_snow/R_input/ND,csv,2261686
329100.csv,/pub10/ushcn_snow/R_input/ND,csv,2682056
329445.csv,/pub10/ushcn_snow/R_input/ND,csv,2469663
250070.csv,/pub10/ushcn_snow/R_input/NE,csv,2711432
250130.csv,/pub10/ushcn_snow/R_input/NE,csv,2974725
250375.csv,/pub10/ushcn_snow/R_input/NE,csv,2741478
250420.csv,/pub10/ushcn_snow/R_input/NE,csv,2750136
250435.csv,/pub10/ushcn_snow/R_input/NE,csv,2747768
250622.csv,/pub10/ushcn_snow/R_input/NE,csv,781976
250640.csv,/pub10/ushcn_snow/R_input/NE,csv,2732609
251145.csv,/pub10/ushcn_snow/R_input/NE,csv,3057192
251200.csv,/pub10/ushcn_snow/R_input/NE,csv,3250216
252020.csv,/pub10/ushcn_snow/R_input/NE,csv,2519535
252100.csv,/pub10/ushcn_snow/R_input/NE,csv,2488935
252205.csv,/pub10/ushcn_snow/R_input/NE,csv,3139992
252820.csv,/pub10/ushcn_snow/R_input/NE,csv,3208204
252840.csv,/pub10/ushcn_snow/R_input/NE,csv,2533580
253035.csv,/pub10/ushcn_snow/R_input/NE,csv,2481430
253175.csv,/pub10/ushcn_snow/R_input/NE,csv,2570060
253185.csv,/pub10/ushcn_snow/R_input/NE,csv,2655968
253365.csv,/pub10/ushcn_snow/R_input/NE,csv,2955744
253615.csv,/pub10/ushcn_snow/R_input/NE,csv,2505790
253630.csv,/pub10/ushcn_snow/R_input/NE,csv,3116232
253660.csv,/pub10/ushcn_snow/R_input/NE,csv,2696328
253715.csv,/pub10/ushcn_snow/R_input/NE,csv,1583790
253735.csv,/pub10/ushcn_snow/R_input/NE,csv,2576656
253910.csv,/pub10/ushcn_snow/R_input/NE,csv,2633050
254110.csv,/pub10/ushcn_snow/R_input/NE,csv,2682330
254440.csv,/pub10/ushcn_snow/R_input/NE,csv,3015046
254900.csv,/pub10/ushcn_snow/R_input/NE,csv,2442826
254985.csv,/pub10/ushcn_snow/R_input/NE,csv,2444530
255080.csv,/pub10/ushcn_snow/R_input/NE,csv,2655327
255310.csv,/pub10/ushcn_snow/R_input/NE,csv,2442393
255470.csv,/pub10/ushcn_snow/R_input/NE,csv,2166080
255565.csv,/pub10/ushcn_snow/R_input/NE,csv,2502536
256040.csv,/pub10/ushcn_snow/R_input/NE,csv,2505600
256135.csv,/pub10/ushcn_snow/R_input/NE,csv,2684100
256570.csv,/pub10/ushcn_snow/R_input/NE,csv,2920292
256970.csv,/pub10/ushcn_snow/R_input/NE,csv,2408220
257070.csv,/pub10/ushcn_snow/R_input/NE,csv,2610954
257515.csv,/pub10/ushcn_snow/R_input/NE,csv,2430450
257715.csv,/pub10/ushcn_snow/R_input/NE,csv,2512056
258133.csv,/pub10/ushcn_snow/R_input/NE,csv,662152
258395.csv,/pub10/ushcn_snow/R_input/NE,csv,2607780
258465.csv,/pub10/ushcn_snow/R_input/NE,csv,2588872
258480.csv,/pub10/ushcn_snow/R_input/NE,csv,2541201
258915.csv,/pub10/ushcn_snow/R_input/NE,csv,2683871
259090.csv,/pub10/ushcn_snow/R_input/NE,csv,2637150
259510.csv,/pub10/ushcn_snow/R_input/NE,csv,2241492
270706.csv,/pub10/ushcn_snow/R_input/NH,csv,537572
272174.csv,/pub10/ushcn_snow/R_input/NH,csv,2210544
272999.csv,/pub10/ushcn_snow/R_input/NH,csv,2586276
273850.csv,/pub10/ushcn_snow/R_input/NH,csv,2437287
274399.csv,/pub10/ushcn_snow/R_input/NH,csv,2310629
280325.csv,/pub10/ushcn_snow/R_input/NJ,csv,2104875
280734.csv,/pub10/ushcn_snow/R_input/NJ,csv,824400
280907.csv,/pub10/ushcn_snow/R_input/NJ,csv,1943610
281582.csv,/pub10/ushcn_snow/R_input/NJ,csv,2953760
283029.csv,/pub10/ushcn_snow/R_input/NJ,csv,2853864
283951.csv,/pub10/ushcn_snow/R_input/NJ,csv,2648600
284229.csv,/pub10/ushcn_snow/R_input/NJ,csv,2801916
284987.csv,/pub10/ushcn_snow/R_input/NJ,csv,2715266
285728.csv,/pub10/ushcn_snow/R_input/NJ,csv,2520072
286055.csv,/pub10/ushcn_snow/R_input/NJ,csv,1344080
287079.csv,/pub10/ushcn_snow/R_input/NJ,csv,2596392
288816.csv,/pub10/ushcn_snow/R_input/NJ,csv,1780776
290692.csv,/pub10/ushcn_snow/R_input/NM,csv,2877132
290858.csv,/pub10/ushcn_snow/R_input/NM,csv,2694456
291469.csv,/pub10/ushcn_snow/R_input/NM,csv,2623880
291515.csv,/pub10/ushcn_snow/R_input/NM,csv,2686350
291664.csv,/pub10/ushcn_snow/R_input/NM,csv,2592967
291813.csv,/pub10/ushcn_snow/R_input/NM,csv,2990925
291887.csv,/pub10/ushcn_snow/R_input/NM,csv,2875248
292608.csv,/pub10/ushcn_snow/R_input/NM,csv,2453540
292848.csv,/pub10/ushcn_snow/R_input/NM,csv,2542080
293265.csv,/pub10/ushcn_snow/R_input/NM,csv,2878127
293294.csv,/pub10/ushcn_snow/R_input/NM,csv,2455251
293368.csv,/pub10/ushcn_snow/R_input/NM,csv,2217666
294369.csv,/pub10/ushcn_snow/R_input/NM,csv,2784750
294426.csv,/pub10/ushcn_snow/R_input/NM,csv,2411238
294862.csv,/pub10/ushcn_snow/R_input/NM,csv,765928
295150.csv,/pub10/ushcn_snow/R_input/NM,csv,1504811
295273.csv,/pub10/ushcn_snow/R_input/NM,csv,2541339
295960.csv,/pub10/ushcn_snow/R_input/NM,csv,2392810
295965.csv,/pub10/ushcn_snow/R_input/NM,csv,2608874
296435.csv,/pub10/ushcn_snow/R_input/NM,csv,2452340
297323.csv,/pub10/ushcn_snow/R_input/NM,csv,2692604
297610.csv,/pub10/ushcn_snow/R_input/NM,csv,1482836
297867.csv,/pub10/ushcn_snow/R_input/NM,csv,2587017
298107.csv,/pub10/ushcn_snow/R_input/NM,csv,2487528
298387.csv,/pub10/ushcn_snow/R_input/NM,csv,2384364
298501.csv,/pub10/ushcn_snow/R_input/NM,csv,2677010
298535.csv,/pub10/ushcn_snow/R_input/NM,csv,1450800
299156.csv,/pub10/ushcn_snow/R_input/NM,csv,2975096
299165.csv,/pub10/ushcn_snow/R_input/NM,csv,2354800
260507.csv,/pub10/ushcn_snow/R_input/NV,csv,2472149
260691.csv,/pub10/ushcn_snow/R_input/NV,csv,2043630
261071.csv,/pub10/ushcn_snow/R_input/NV,csv,1928070
262573.csv,/pub10/ushcn_snow/R_input/NV,csv,3177708
262780.csv,/pub10/ushcn_snow/R_input/NV,csv,2588636
263245.csv,/pub10/ushcn_snow/R_input/NV,csv,2135980
264698.csv,/pub10/ushcn_snow/R_input/NV,csv,2384130
264950.csv,/pub10/ushcn_snow/R_input/NV,csv,2338928
265168.csv,/pub10/ushcn_snow/R_input/NV,csv,2521662
266779.csv,/pub10/ushcn_snow/R_input/NV,csv,1730520
267369.csv,/pub10/ushcn_snow/R_input/NV,csv,2157004
268988.csv,/pub10/ushcn_snow/R_input/NV,csv,1955462
269171.csv,/pub10/ushcn_snow/R_input/NV,csv,3608925
300023.csv,/pub10/ushcn_snow/R_input/NY,csv,2105121
300042.csv,/pub10/ushcn_snow/R_input/NY,csv,2109684
300085.csv,/pub10/ushcn_snow/R_input/NY,csv,2511376
300093.csv,/pub10/ushcn_snow/R_input/NY,csv,1892890
300183.csv,/pub10/ushcn_snow/R_input/NY,csv,2665880
300321.csv,/pub10/ushcn_snow/R_input/NY,csv,2128128
300443.csv,/pub10/ushcn_snow/R_input/NY,csv,2159079
300687.csv,/pub10/ushcn_snow/R_input/NY,csv,1914976
300889.csv,/pub10/ushcn_snow/R_input/NY,csv,2276025
300937.csv,/pub10/ushcn_snow/R_input/NY,csv,1733394
301012.csv,/pub10/ushcn_snow/R_input/NY,csv,2133804
301185.csv,/pub10/ushcn_snow/R_input/NY,csv,2518865
301401.csv,/pub10/ushcn_snow/R_input/NY,csv,2258302
301752.csv,/pub10/ushcn_snow/R_input/NY,csv,2764802
301799.csv,/pub10/ushcn_snow/R_input/NY,csv,2091950
301966.csv,/pub10/ushcn_snow/R_input/NY,csv,2334622
301974.csv,/pub10/ushcn_snow/R_input/NY,csv,2105363
302060.csv,/pub10/ushcn_snow/R_input/NY,csv,1120836
302129.csv,/pub10/ushcn_snow/R_input/NY,csv,1912734
302610.csv,/pub10/ushcn_snow/R_input/NY,csv,2550476
303033.csv,/pub10/ushcn_snow/R_input/NY,csv,2400510
303184.csv,/pub10/ushcn_snow/R_input/NY,csv,1274598
303259.csv,/pub10/ushcn_snow/R_input/NY,csv,1610805
303319.csv,/pub10/ushcn_snow/R_input/NY,csv,2413658
303773.csv,/pub10/ushcn_snow/R_input/NY,csv,2207379
304102.csv,/pub10/ushcn_snow/R_input/NY,csv,2092937
304174.csv,/pub10/ushcn_snow/R_input/NY,csv,3045438
304555.csv,/pub10/ushcn_snow/R_input/NY,csv,2372832
304647.csv,/pub10/ushcn_snow/R_input/NY,csv,2054320
304791.csv,/pub10/ushcn_snow/R_input/NY,csv,2981412
304796.csv,/pub10/ushcn_snow/R_input/NY,csv,1915192
304844.csv,/pub10/ushcn_snow/R_input/NY,csv,2428310
304912.csv,/pub10/ushcn_snow/R_input/NY,csv,2686530
304996.csv,/pub10/ushcn_snow/R_input/NY,csv,771936
305113.csv,/pub10/ushcn_snow/R_input/NY,csv,835425
305426.csv,/pub10/ushcn_snow/R_input/NY,csv,2440317
305512.csv,/pub10/ushcn_snow/R_input/NY,csv,2438982
305801.csv,/pub10/ushcn_snow/R_input/NY,csv,3222160
306085.csv,/pub10/ushcn_snow/R_input/NY,csv,2454261
306164.csv,/pub10/ushcn_snow/R_input/NY,csv,2748361
306314.csv,/pub10/ushcn_snow/R_input/NY,csv,2295047
306774.csv,/pub10/ushcn_snow/R_input/NY,csv,2768087
306820.csv,/pub10/ushcn_snow/R_input/NY,csv,1193768
307167.csv,/pub10/ushcn_snow/R_input/NY,csv,2553517
307484.csv,/pub10/ushcn_snow/R_input/NY,csv,1692536
307633.csv,/pub10/ushcn_snow/R_input/NY,csv,2785398
308248.csv,/pub10/ushcn_snow/R_input/NY,csv,2024176
308383.csv,/pub10/ushcn_snow/R_input/NY,csv,2125739
308600.csv,/pub10/ushcn_snow/R_input/NY,csv,1408750
308631.csv,/pub10/ushcn_snow/R_input/NY,csv,2588658
308737.csv,/pub10/ushcn_snow/R_input/NY,csv,1351536
308906.csv,/pub10/ushcn_snow/R_input/NY,csv,1065082
308910.csv,/pub10/ushcn_snow/R_input/NY,csv,699145
308944.csv,/pub10/ushcn_snow/R_input/NY,csv,2829492
309000.csv,/pub10/ushcn_snow/R_input/NY,csv,2701834
309292.csv,/pub10/ushcn_snow/R_input/NY,csv,2272032
309670.csv,/pub10/ushcn_snow/R_input/NY,csv,1382192
331072.csv,/pub10/ushcn_snow/R_input/OH,csv,2467509
331152.csv,/pub10/ushcn_snow/R_input/OH,csv,2299038
331541.csv,/pub10/ushcn_snow/R_input/OH,csv,2766225
331592.csv,/pub10/ushcn_snow/R_input/OH,csv,2389290
331890.csv,/pub10/ushcn_snow/R_input/OH,csv,2333818
332098.csv,/pub10/ushcn_snow/R_input/OH,csv,2585240
332119.csv,/pub10/ushcn_snow/R_input/OH,csv,2189950
332791.csv,/pub10/ushcn_snow/R_input/OH,csv,2688790
333375.csv,/pub10/ushcn_snow/R_input/OH,csv,3150352
333758.csv,/pub10/ushcn_snow/R_input/OH,csv,3035463
333780.csv,/pub10/ushcn_snow/R_input/OH,csv,2811454
334189.csv,/pub10/ushcn_snow/R_input/OH,csv,2713064
335041.csv,/pub10/ushcn_snow/R_input/OH,csv,3435951
335297.csv,/pub10/ushcn_snow/R_input/OH,csv,2012245
335315.csv,/pub10/ushcn_snow/R_input/OH,csv,2743500
336118.csv,/pub10/ushcn_snow/R_input/OH,csv,3139524
336196.csv,/pub10/ushcn_snow/R_input/OH,csv,2507322
336600.csv,/pub10/ushcn_snow/R_input/OH,csv,2596608
336781.csv,/pub10/ushcn_snow/R_input/OH,csv,3034584
338313.csv,/pub10/ushcn_snow/R_input/OH,csv,2495736
338534.csv,/pub10/ushcn_snow/R_input/OH,csv,2731516
338552.csv,/pub10/ushcn_snow/R_input/OH,csv,2333299
338769.csv,/pub10/ushcn_snow/R_input/OH,csv,2683656
338822.csv,/pub10/ushcn_snow/R_input/OH,csv,2830283
338830.csv,/pub10/ushcn_snow/R_input/OH,csv,2472753
339312.csv,/pub10/ushcn_snow/R_input/OH,csv,2753443
340017.csv,/pub10/ushcn_snow/R_input/OK,csv,2447575
340179.csv,/pub10/ushcn_snow/R_input/OK,csv,2455434
340256.csv,/pub10/ushcn_snow/R_input/OK,csv,2088837
340292.csv,/pub10/ushcn_snow/R_input/OK,csv,2715357
340548.csv,/pub10/ushcn_snow/R_input/OK,csv,2414490
340593.csv,/pub10/ushcn_snow/R_input/OK,csv,1895228
340908.csv,/pub10/ushcn_snow/R_input/OK,csv,2309412
341243.csv,/pub10/ushcn_snow/R_input/OK,csv,2352675
341504.csv,/pub10/ushcn_snow/R_input/OK,csv,2071800
341724.csv,/pub10/ushcn_snow/R_input/OK,csv,1872990
341828.csv,/pub10/ushcn_snow/R_input/OK,csv,2455222
342678.csv,/pub10/ushcn_snow/R_input/OK,csv,2655468
342912.csv,/pub10/ushcn_snow/R_input/OK,csv,2684022
342944.csv,/pub10/ushcn_snow/R_input/OK,csv,2081154
343497.csv,/pub10/ushcn_snow/R_input/OK,csv,2138573
343628.csv,/pub10/ushcn_snow/R_input/OK,csv,2342666
343821.csv,/pub10/ushcn_snow/R_input/OK,csv,2390688
343871.csv,/pub10/ushcn_snow/R_input/OK,csv,1966032
344055.csv,/pub10/ushcn_snow/R_input/OK,csv,2394007
344204.csv,/pub10/ushcn_snow/R_input/OK,csv,2108240
344235.csv,/pub10/ushcn_snow/R_input/OK,csv,3098472
344298.csv,/pub10/ushcn_snow/R_input/OK,csv,2004368
344573.csv,/pub10/ushcn_snow/R_input/OK,csv,2930383
344766.csv,/pub10/ushcn_snow/R_input/OK,csv,2093176
344861.csv,/pub10/ushcn_snow/R_input/OK,csv,2986992
345063.csv,/pub10/ushcn_snow/R_input/OK,csv,2135880
345509.csv,/pub10/ushcn_snow/R_input/OK,csv,1951600
345779.csv,/pub10/ushcn_snow/R_input/OK,csv,2301696
345855.csv,/pub10/ushcn_snow/R_input/OK,csv,1788163
346130.csv,/pub10/ushcn_snow/R_input/OK,csv,2120860
346139.csv,/pub10/ushcn_snow/R_input/OK,csv,2078760
346278.csv,/pub10/ushcn_snow/R_input/OK,csv,2962559
346629.csv,/pub10/ushcn_snow/R_input/OK,csv,1950920
346638.csv,/pub10/ushcn_snow/R_input/OK,csv,2438548
346670.csv,/pub10/ushcn_snow/R_input/OK,csv,2333136
346926.csv,/pub10/ushcn_snow/R_input/OK,csv,3192800
346935.csv,/pub10/ushcn_snow/R_input/OK,csv,2858800
347012.csv,/pub10/ushcn_snow/R_input/OK,csv,2070568
347254.csv,/pub10/ushcn_snow/R_input/OK,csv,393680
348501.csv,/pub10/ushcn_snow/R_input/OK,csv,3196028
348677.csv,/pub10/ushcn_snow/R_input/OK,csv,2073555
349395.csv,/pub10/ushcn_snow/R_input/OK,csv,2421831
349422.csv,/pub10/ushcn_snow/R_input/OK,csv,2211827
349445.csv,/pub10/ushcn_snow/R_input/OK,csv,0
350304.csv,/pub10/ushcn_snow/R_input/OR,csv,2573586
350328.csv,/pub10/ushcn_snow/R_input/OR,csv,1346480
350412.csv,/pub10/ushcn_snow/R_input/OR,csv,1591200
350694.csv,/pub10/ushcn_snow/R_input/OR,csv,2440152
351055.csv,/pub10/ushcn_snow/R_input/OR,csv,2206204
351433.csv,/pub10/ushcn_snow/R_input/OR,csv,2313220
351765.csv,/pub10/ushcn_snow/R_input/OR,csv,2426852
351862.csv,/pub10/ushcn_snow/R_input/OR,csv,2585788
351897.csv,/pub10/ushcn_snow/R_input/OR,csv,2699001
351946.csv,/pub10/ushcn_snow/R_input/OR,csv,2561520
352135.csv,/pub10/ushcn_snow/R_input/OR,csv,1724276
352406.csv,/pub10/ushcn_snow/R_input/OR,csv,2165172
352440.csv,/pub10/ushcn_snow/R_input/OR,csv,2391833
352997.csv,/pub10/ushcn_snow/R_input/OR,csv,2790466
353095.csv,/pub10/ushcn_snow/R_input/OR,csv,2056164
353445.csv,/pub10/ushcn_snow/R_input/OR,csv,2778453
353770.csv,/pub10/ushcn_snow/R_input/OR,csv,3146724
353827.csv,/pub10/ushcn_snow/R_input/OR,csv,2664159
353847.csv,/pub10/ushcn_snow/R_input/OR,csv,2285320
354003.csv,/pub10/ushcn_snow/R_input/OR,csv,3088960
354506.csv,/pub10/ushcn_snow/R_input/OR,csv,2747844
354670.csv,/pub10/ushcn_snow/R_input/OR,csv,2839740
355162.csv,/pub10/ushcn_snow/R_input/OR,csv,1469163
355362.csv,/pub10/ushcn_snow/R_input/OR,csv,1966503
355384.csv,/pub10/ushcn_snow/R_input/OR,csv,2659190
355593.csv,/pub10/ushcn_snow/R_input/OR,csv,2336334
355734.csv,/pub10/ushcn_snow/R_input/OR,csv,2259642
356032.csv,/pub10/ushcn_snow/R_input/OR,csv,2284797
356073.csv,/pub10/ushcn_snow/R_input/OR,csv,2520726
356426.csv,/pub10/ushcn_snow/R_input/OR,csv,2290593
356634.csv,/pub10/ushcn_snow/R_input/OR,csv,2417877
356883.csv,/pub10/ushcn_snow/R_input/OR,csv,2598912
356907.csv,/pub10/ushcn_snow/R_input/OR,csv,2798250
357169.csv,/pub10/ushcn_snow/R_input/OR,csv,2394688
357331.csv,/pub10/ushcn_snow/R_input/OR,csv,1232550
358466.csv,/pub10/ushcn_snow/R_input/OR,csv,2239344
358494.csv,/pub10/ushcn_snow/R_input/OR,csv,1721475
358746.csv,/pub10/ushcn_snow/R_input/OR,csv,2636325
358797.csv,/pub10/ushcn_snow/R_input/OR,csv,2212716
358997.csv,/pub10/ushcn_snow/R_input/OR,csv,2497938
360106.csv,/pub10/ushcn_snow/R_input/PA,csv,1704960
361354.csv,/pub10/ushcn_snow/R_input/PA,csv,2757680
362537.csv,/pub10/ushcn_snow/R_input/PA,csv,790856
362682.csv,/pub10/ushcn_snow/R_input/PA,csv,2341767
363028.csv,/pub10/ushcn_snow/R_input/PA,csv,2606520
363526.csv,/pub10/ushcn_snow/R_input/PA,csv,2467157
364385.csv,/pub10/ushcn_snow/R_input/PA,csv,2226276
364896.csv,/pub10/ushcn_snow/R_input/PA,csv,1226692
365915.csv,/pub10/ushcn_snow/R_input/PA,csv,2415210
366233.csv,/pub10/ushcn_snow/R_input/PA,csv,2785932
366689.csv,/pub10/ushcn_snow/R_input/PA,csv,1965777
367029.csv,/pub10/ushcn_snow/R_input/PA,csv,2385229
367322.csv,/pub10/ushcn_snow/R_input/PA,csv,863775
367477.csv,/pub10/ushcn_snow/R_input/PA,csv,2548170
367931.csv,/pub10/ushcn_snow/R_input/PA,csv,2508737
368449.csv,/pub10/ushcn_snow/R_input/PA,csv,2917350
368596.csv,/pub10/ushcn_snow/R_input/PA,csv,2374179
368905.csv,/pub10/ushcn_snow/R_input/PA,csv,3098996
369050.csv,/pub10/ushcn_snow/R_input/PA,csv,2777420
369298.csv,/pub10/ushcn_snow/R_input/PA,csv,2644996
369408.csv,/pub10/ushcn_snow/R_input/PA,csv,2232120
369464.csv,/pub10/ushcn_snow/R_input/PA,csv,2602971
369728.csv,/pub10/ushcn_snow/R_input/PA,csv,1959144
369933.csv,/pub10/ushcn_snow/R_input/PA,csv,2684836
370896.csv,/pub10/ushcn_snow/R_input/RI,csv,1089292
374266.csv,/pub10/ushcn_snow/R_input/RI,csv,2476810
376698.csv,/pub10/ushcn_snow/R_input/RI,csv,1819686
380074.csv,/pub10/ushcn_snow/R_input/SC,csv,2145549
380165.csv,/pub10/ushcn_snow/R_input/SC,csv,2354800
380559.csv,/pub10/ushcn_snow/R_input/SC,csv,2201625
380764.csv,/pub10/ushcn_snow/R_input/SC,csv,2233564
381277.csv,/pub10/ushcn_snow/R_input/SC,csv,2454600
381310.csv,/pub10/ushcn_snow/R_input/SC,csv,2251296
381549.csv,/pub10/ushcn_snow/R_input/SC,csv,2491412
381588.csv,/pub10/ushcn_snow/R_input/SC,csv,2262564
381770.csv,/pub10/ushcn_snow/R_input/SC,csv,2232284
381944.csv,/pub10/ushcn_snow/R_input/SC,csv,2358720
381997.csv,/pub10/ushcn_snow/R_input/SC,csv,2382584
382260.csv,/pub10/ushcn_snow/R_input/SC,csv,2261664
383468.csv,/pub10/ushcn_snow/R_input/SC,csv,2122224
383747.csv,/pub10/ushcn_snow/R_input/SC,csv,1530981
383754.csv,/pub10/ushcn_snow/R_input/SC,csv,2175866
384690.csv,/pub10/ushcn_snow/R_input/SC,csv,1921871
384753.csv,/pub10/ushcn_snow/R_input/SC,csv,2164577
385017.csv,/pub10/ushcn_snow/R_input/SC,csv,2204343
385200.csv,/pub10/ushcn_snow/R_input/SC,csv,2479392
386209.csv,/pub10/ushcn_snow/R_input/SC,csv,2197790
386527.csv,/pub10/ushcn_snow/R_input/SC,csv,1759128
387631.csv,/pub10/ushcn_snow/R_input/SC,csv,2155804
387722.csv,/pub10/ushcn_snow/R_input/SC,csv,2402028
388426.csv,/pub10/ushcn_snow/R_input/SC,csv,2386248
388440.csv,/pub10/ushcn_snow/R_input/SC,csv,1922768
388887.csv,/pub10/ushcn_snow/R_input/SC,csv,2277800
389327.csv,/pub10/ushcn_snow/R_input/SC,csv,2307784
389350.csv,/pub10/ushcn_snow/R_input/SC,csv,2454825
389469.csv,/pub10/ushcn_snow/R_input/SC,csv,2308880
390020.csv,/pub10/ushcn_snow/R_input/SD,csv,3003624
390043.csv,/pub10/ushcn_snow/R_input/SD,csv,3083885
390128.csv,/pub10/ushcn_snow/R_input/SD,csv,2630016
391392.csv,/pub10/ushcn_snow/R_input/SD,csv,2330904
391739.csv,/pub10/ushcn_snow/R_input/SD,csv,2735275
391972.csv,/pub10/ushcn_snow/R_input/SD,csv,2843008
392429.csv,/pub10/ushcn_snow/R_input/SD,csv,2274532
392797.csv,/pub10/ushcn_snow/R_input/SD,csv,2591276
392927.csv,/pub10/ushcn_snow/R_input/SD,csv,3129600
393029.csv,/pub10/ushcn_snow/R_input/SD,csv,3337026
393217.csv,/pub10/ushcn_snow/R_input/SD,csv,2797102
393832.csv,/pub10/ushcn_snow/R_input/SD,csv,3146110
394007.csv,/pub10/ushcn_snow/R_input/SD,csv,2894596
394037.csv,/pub10/ushcn_snow/R_input/SD,csv,2415700
394516.csv,/pub10/ushcn_snow/R_input/SD,csv,2648170
395456.csv,/pub10/ushcn_snow/R_input/SD,csv,3087946
395481.csv,/pub10/ushcn_snow/R_input/SD,csv,2465734
395536.csv,/pub10/ushcn_snow/R_input/SD,csv,2491876
395891.csv,/pub10/ushcn_snow/R_input/SD,csv,2193781
396170.csv,/pub10/ushcn_snow/R_input/SD,csv,1114750
396597.csv,/pub10/ushcn_snow/R_input/SD,csv,2240480
396947.csv,/pub10/ushcn_snow/R_input/SD,csv,1742300
398622.csv,/pub10/ushcn_snow/R_input/SD,csv,2817661
398932.csv,/pub10/ushcn_snow/R_input/SD,csv,2892901
399442.csv,/pub10/ushcn_snow/R_input/SD,csv,1947132
401790.csv,/pub10/ushcn_snow/R_input/TN,csv,2379468
402024.csv,/pub10/ushcn_snow/R_input/TN,csv,1808352
402108.csv,/pub10/ushcn_snow/R_input/TN,csv,2505568
402202.csv,/pub10/ushcn_snow/R_input/TN,csv,3054548
402489.csv,/pub10/ushcn_snow/R_input/TN,csv,1961049
402589.csv,/pub10/ushcn_snow/R_input/TN,csv,2148886
404561.csv,/pub10/ushcn_snow/R_input/TN,csv,3127124
405187.csv,/pub10/ushcn_snow/R_input/TN,csv,2712544
405882.csv,/pub10/ushcn_snow/R_input/TN,csv,2612570
406371.csv,/pub10/ushcn_snow/R_input/TN,csv,2477124
406534.csv,/pub10/ushcn_snow/R_input/TN,csv,2614938
407884.csv,/pub10/ushcn_snow/R_input/TN,csv,2963610
409155.csv,/pub10/ushcn_snow/R_input/TN,csv,2491532
409219.csv,/pub10/ushcn_snow/R_input/TN,csv,2459376
409502.csv,/pub10/ushcn_snow/R_input/TN,csv,2421792
410120.csv,/pub10/ushcn_snow/R_input/TX,csv,2733124
410144.csv,/pub10/ushcn_snow/R_input/TX,csv,2183798
410174.csv,/pub10/ushcn_snow/R_input/TX,csv,2111604
410493.csv,/pub10/ushcn_snow/R_input/TX,csv,3090312
410498.csv,/pub10/ushcn_snow/R_input/TX,csv,1989988
410639.csv,/pub10/ushcn_snow/R_input/TX,csv,2645475
410832.csv,/pub10/ushcn_snow/R_input/TX,csv,2775216
410902.csv,/pub10/ushcn_snow/R_input/TX,csv,2766852
411000.csv,/pub10/ushcn_snow/R_input/TX,csv,957672
411048.csv,/pub10/ushcn_snow/R_input/TX,csv,2828862
411138.csv,/pub10/ushcn_snow/R_input/TX,csv,2172840
411528.csv,/pub10/ushcn_snow/R_input/TX,csv,1027040
411772.csv,/pub10/ushcn_snow/R_input/TX,csv,2864323
412015.csv,/pub10/ushcn_snow/R_input/TX,csv,1663898
412019.csv,/pub10/ushcn_snow/R_input/TX,csv,2820049
412121.csv,/pub10/ushcn_snow/R_input/TX,csv,2975184
412266.csv,/pub10/ushcn_snow/R_input/TX,csv,3002328
412598.csv,/pub10/ushcn_snow/R_input/TX,csv,2704464
412679.csv,/pub10/ushcn_snow/R_input/TX,csv,2896950
412797.csv,/pub10/ushcn_snow/R_input/TX,csv,1481400
412906.csv,/pub10/ushcn_snow/R_input/TX,csv,2463300
413063.csv,/pub10/ushcn_snow/R_input/TX,csv,2678112
413183.csv,/pub10/ushcn_snow/R_input/TX,csv,2626680
413280.csv,/pub10/ushcn_snow/R_input/TX,csv,1809232
413420.csv,/pub10/ushcn_snow/R_input/TX,csv,678136
413734.csv,/pub10/ushcn_snow/R_input/TX,csv,3233514
413873.csv,/pub10/ushcn_snow/R_input/TX,csv,3236472
413992.csv,/pub10/ushcn_snow/R_input/TX,csv,2864466
415018.csv,/pub10/ushcn_snow/R_input/TX,csv,2798880
415196.csv,/pub10/ushcn_snow/R_input/TX,csv,2700729
415272.csv,/pub10/ushcn_snow/R_input/TX,csv,2760333
415429.csv,/pub10/ushcn_snow/R_input/TX,csv,2705108
415618.csv,/pub10/ushcn_snow/R_input/TX,csv,2678340
415707.csv,/pub10/ushcn_snow/R_input/TX,csv,2020251
415869.csv,/pub10/ushcn_snow/R_input/TX,csv,2420509
415875.csv,/pub10/ushcn_snow/R_input/TX,csv,2422787
416135.csv,/pub10/ushcn_snow/R_input/TX,csv,2401627
416276.csv,/pub10/ushcn_snow/R_input/TX,csv,3065325
416794.csv,/pub10/ushcn_snow/R_input/TX,csv,2606501
416892.csv,/pub10/ushcn_snow/R_input/TX,csv,1698852
417079.csv,/pub10/ushcn_snow/R_input/TX,csv,2683871
417336.csv,/pub10/ushcn_snow/R_input/TX,csv,2708738
417622.csv,/pub10/ushcn_snow/R_input/TX,csv,2486330
417945.csv,/pub10/ushcn_snow/R_input/TX,csv,1900746
418201.csv,/pub10/ushcn_snow/R_input/TX,csv,2201220
418433.csv,/pub10/ushcn_snow/R_input/TX,csv,2413252
418692.csv,/pub10/ushcn_snow/R_input/TX,csv,2247860
418910.csv,/pub10/ushcn_snow/R_input/TX,csv,2569924
419532.csv,/pub10/ushcn_snow/R_input/TX,csv,2812909
420086.csv,/pub10/ushcn_snow/R_input/UT,csv,2203630
420738.csv,/pub10/ushcn_snow/R_input/UT,csv,2594900
420788.csv,/pub10/ushcn_snow/R_input/UT,csv,2135692
421731.csv,/pub10/ushcn_snow/R_input/UT,csv,2028945
422101.csv,/pub10/ushcn_snow/R_input/UT,csv,2526711
422253.csv,/pub10/ushcn_snow/R_input/UT,csv,2475760
422592.csv,/pub10/ushcn_snow/R_input/UT,csv,2686427
422726.csv,/pub10/ushcn_snow/R_input/UT,csv,1241933
422828.csv,/pub10/ushcn_snow/R_input/UT,csv,2363970
422996.csv,/pub10/ushcn_snow/R_input/UT,csv,2395641
423418.csv,/pub10/ushcn_snow/R_input/UT,csv,1565380
423611.csv,/pub10/ushcn_snow/R_input/UT,csv,2095920
423809.csv,/pub10/ushcn_snow/R_input/UT,csv,2528714
424508.csv,/pub10/ushcn_snow/R_input/UT,csv,2074588
424856.csv,/pub10/ushcn_snow/R_input/UT,csv,2576280
425065.csv,/pub10/ushcn_snow/R_input/UT,csv,2567976
425186.csv,/pub10/ushcn_snow/R_input/UT,csv,2866720
425402.csv,/pub10/ushcn_snow/R_input/UT,csv,2547139
425477.csv,/pub10/ushcn_snow/R_input/UT,csv,1337782
425733.csv,/pub10/ushcn_snow/R_input/UT,csv,2309670
425752.csv,/pub10/ushcn_snow/R_input/UT,csv,1306280
425826.csv,/pub10/ushcn_snow/R_input/UT,csv,2549872
426135.csv,/pub10/ushcn_snow/R_input/UT,csv,1758214
426404.csv,/pub10/ushcn_snow/R_input/UT,csv,2142638
426601.csv,/pub10/ushcn_snow/R_input/UT,csv,1954914
426686.csv,/pub10/ushcn_snow/R_input/UT,csv,2428710
427260.csv,/pub10/ushcn_snow/R_input/UT,csv,2811370
427516.csv,/pub10/ushcn_snow/R_input/UT,csv,2307074
427559.csv,/pub10/ushcn_snow/R_input/UT,csv,697515
427714.csv,/pub10/ushcn_snow/R_input/UT,csv,2370140
427729.csv,/pub10/ushcn_snow/R_input/UT,csv,889096
427909.csv,/pub10/ushcn_snow/R_input/UT,csv,2611140
428119.csv,/pub10/ushcn_snow/R_input/UT,csv,2715048
428705.csv,/pub10/ushcn_snow/R_input/UT,csv,1616650
428771.csv,/pub10/ushcn_snow/R_input/UT,csv,2277660
428973.csv,/pub10/ushcn_snow/R_input/UT,csv,2182948
429111.csv,/pub10/ushcn_snow/R_input/UT,csv,2412000
429382.csv,/pub10/ushcn_snow/R_input/UT,csv,1616472
429595.csv,/pub10/ushcn_snow/R_input/UT,csv,2444050
429717.csv,/pub10/ushcn_snow/R_input/UT,csv,2236566
440766.csv,/pub10/ushcn_snow/R_input/VA,csv,1668513
440993.csv,/pub10/ushcn_snow/R_input/VA,csv,1705718
441209.csv,/pub10/ushcn_snow/R_input/VA,csv,2692800
441593.csv,/pub10/ushcn_snow/R_input/VA,csv,2697680
442208.csv,/pub10/ushcn_snow/R_input/VA,csv,3244703
442245.csv,/pub10/ushcn_snow/R_input/VA,csv,2249590
442941.csv,/pub10/ushcn_snow/R_input/VA,csv,2327325
443192.csv,/pub10/ushcn_snow/R_input/VA,csv,2446946
444101.csv,/pub10/ushcn_snow/R_input/VA,csv,2247910
444128.csv,/pub10/ushcn_snow/R_input/VA,csv,2574856
444876.csv,/pub10/ushcn_snow/R_input/VA,csv,2495295
444909.csv,/pub10/ushcn_snow/R_input/VA,csv,2468613
446139.csv,/pub10/ushcn_snow/R_input/VA,csv,1801877
446626.csv,/pub10/ushcn_snow/R_input/VA,csv,2102844
446712.csv,/pub10/ushcn_snow/R_input/VA,csv,1894499
447338.csv,/pub10/ushcn_snow/R_input/VA,csv,2301250
448062.csv,/pub10/ushcn_snow/R_input/VA,csv,3101115
449151.csv,/pub10/ushcn_snow/R_input/VA,csv,1718574
449263.csv,/pub10/ushcn_snow/R_input/VA,csv,2912320
431081.csv,/pub10/ushcn_snow/R_input/VT,csv,2002729
431243.csv,/pub10/ushcn_snow/R_input/VT,csv,2456529
431360.csv,/pub10/ushcn_snow/R_input/VT,csv,2064135
431580.csv,/pub10/ushcn_snow/R_input/VT,csv,2450910
432769.csv,/pub10/ushcn_snow/R_input/VT,csv,2689640
437054.csv,/pub10/ushcn_snow/R_input/VT,csv,2973894
437607.csv,/pub10/ushcn_snow/R_input/VT,csv,1167984
437612.csv,/pub10/ushcn_snow/R_input/VT,csv,862950
450008.csv,/pub10/ushcn_snow/R_input/WA,csv,2470370
450587.csv,/pub10/ushcn_snow/R_input/WA,csv,761826
450729.csv,/pub10/ushcn_snow/R_input/WA,csv,2035376
450945.csv,/pub10/ushcn_snow/R_input/WA,csv,2402410
451233.csv,/pub10/ushcn_snow/R_input/WA,csv,2542680
451276.csv,/pub10/ushcn_snow/R_input/WA,csv,2369980
451484.csv,/pub10/ushcn_snow/R_input/WA,csv,2402928
451504.csv,/pub10/ushcn_snow/R_input/WA,csv,2431660
451630.csv,/pub10/ushcn_snow/R_input/WA,csv,1846950
451666.csv,/pub10/ushcn_snow/R_input/WA,csv,2105136
451939.csv,/pub10/ushcn_snow/R_input/WA,csv,1093306
452007.csv,/pub10/ushcn_snow/R_input/WA,csv,2293229
452030.csv,/pub10/ushcn_snow/R_input/WA,csv,2469084
452505.csv,/pub10/ushcn_snow/R_input/WA,csv,2570400
452675.csv,/pub10/ushcn_snow/R_input/WA,csv,2000172
452914.csv,/pub10/ushcn_snow/R_input/WA,csv,2300826
453222.csv,/pub10/ushcn_snow/R_input/WA,csv,1889928
454154.csv,/pub10/ushcn_snow/R_input/WA,csv,2260711
454748.csv,/pub10/ushcn_snow/R_input/WA,csv,1261280
454764.csv,/pub10/ushcn_snow/R_input/WA,csv,1063130
454769.csv,/pub10/ushcn_snow/R_input/WA,csv,2094330
455224.csv,/pub10/ushcn_snow/R_input/WA,csv,1950312
455946.csv,/pub10/ushcn_snow/R_input/WA,csv,2422378
456039.csv,/pub10/ushcn_snow/R_input/WA,csv,2272764
456096.csv,/pub10/ushcn_snow/R_input/WA,csv,3090417
456610.csv,/pub10/ushcn_snow/R_input/WA,csv,1894188
456624.csv,/pub10/ushcn_snow/R_input/WA,csv,1936802
456678.csv,/pub10/ushcn_snow/R_input/WA,csv,2143275
456789.csv,/pub10/ushcn_snow/R_input/WA,csv,1907276
456914.csv,/pub10/ushcn_snow/R_input/WA,csv,815191
457059.csv,/pub10/ushcn_snow/R_input/WA,csv,2431044
457267.csv,/pub10/ushcn_snow/R_input/WA,csv,1319112
457458.csv,/pub10/ushcn_snow/R_input/WA,csv,3046000
457507.csv,/pub10/ushcn_snow/R_input/WA,csv,2571750
457773.csv,/pub10/ushcn_snow/R_input/WA,csv,2612532
457938.csv,/pub10/ushcn_snow/R_input/WA,csv,3369982
458059.csv,/pub10/ushcn_snow/R_input/WA,csv,2496525
458207.csv,/pub10/ushcn_snow/R_input/WA,csv,2394830
458773.csv,/pub10/ushcn_snow/R_input/WA,csv,2986214
458928.csv,/pub10/ushcn_snow/R_input/WA,csv,1675040
459012.csv,/pub10/ushcn_snow/R_input/WA,csv,2665440
459074.csv,/pub10/ushcn_snow/R_input/WA,csv,2141644
459238.csv,/pub10/ushcn_snow/R_input/WA,csv,2767328
459376.csv,/pub10/ushcn_snow/R_input/WA,csv,2571460
470349.csv,/pub10/ushcn_snow/R_input/WI,csv,2726256
470991.csv,/pub10/ushcn_snow/R_input/WI,csv,1262896
471078.csv,/pub10/ushcn_snow/R_input/WI,csv,2561790
472001.csv,/pub10/ushcn_snow/R_input/WI,csv,2556864
472839.csv,/pub10/ushcn_snow/R_input/WI,csv,2828312
473405.csv,/pub10/ushcn_snow/R_input/WI,csv,3095508
474546.csv,/pub10/ushcn_snow/R_input/WI,csv,2809884
475017.csv,/pub10/ushcn_snow/R_input/WI,csv,2643046
475120.csv,/pub10/ushcn_snow/R_input/WI,csv,2992869
475255.csv,/pub10/ushcn_snow/R_input/WI,csv,2679960
475474.csv,/pub10/ushcn_snow/R_input/WI,csv,1990423
475516.csv,/pub10/ushcn_snow/R_input/WI,csv,2816730
475808.csv,/pub10/ushcn_snow/R_input/WI,csv,2949414
475932.csv,/pub10/ushcn_snow/R_input/WI,csv,2700216
476208.csv,/pub10/ushcn_snow/R_input/WI,csv,2759760
476330.csv,/pub10/ushcn_snow/R_input/WI,csv,2632074
476718.csv,/pub10/ushcn_snow/R_input/WI,csv,2845353
476827.csv,/pub10/ushcn_snow/R_input/WI,csv,2991768
476922.csv,/pub10/ushcn_snow/R_input/WI,csv,2422228
478027.csv,/pub10/ushcn_snow/R_input/WI,csv,3218000
478110.csv,/pub10/ushcn_snow/R_input/WI,csv,2441703
478827.csv,/pub10/ushcn_snow/R_input/WI,csv,2869917
478919.csv,/pub10/ushcn_snow/R_input/WI,csv,2837728
461220.csv,/pub10/ushcn_snow/R_input/WV,csv,2617200
461330.csv,/pub10/ushcn_snow/R_input/WV,csv,556636
463544.csv,/pub10/ushcn_snow/R_input/WV,csv,2836237
465224.csv,/pub10/ushcn_snow/R_input/WV,csv,2668950
465626.csv,/pub10/ushcn_snow/R_input/WV,csv,1736046
465707.csv,/pub10/ushcn_snow/R_input/WV,csv,2294203
466867.csv,/pub10/ushcn_snow/R_input/WV,csv,2471378
466989.csv,/pub10/ushcn_snow/R_input/WV,csv,431065
467029.csv,/pub10/ushcn_snow/R_input/WV,csv,1655720
468384.csv,/pub10/ushcn_snow/R_input/WV,csv,2570940
469368.csv,/pub10/ushcn_snow/R_input/WV,csv,2435552
469610.csv,/pub10/ushcn_snow/R_input/WV,csv,1435680
469683.csv,/pub10/ushcn_snow/R_input/WV,csv,1847560
480140.csv,/pub10/ushcn_snow/R_input/WY,csv,2409336
480540.csv,/pub10/ushcn_snow/R_input/WY,csv,2158673
480552.csv,/pub10/ushcn_snow/R_input/WY,csv,1242372
481675.csv,/pub10/ushcn_snow/R_input/WY,csv,2834598
481730.csv,/pub10/ushcn_snow/R_input/WY,csv,2791223
481840.csv,/pub10/ushcn_snow/R_input/WY,csv,2147046
481905.csv,/pub10/ushcn_snow/R_input/WY,csv,2351100
482595.csv,/pub10/ushcn_snow/R_input/WY,csv,1978875
482715.csv,/pub10/ushcn_snow/R_input/WY,csv,2089300
483100.csv,/pub10/ushcn_snow/R_input/WY,csv,2755020
484065.csv,/pub10/ushcn_snow/R_input/WY,csv,2616174
485345.csv,/pub10/ushcn_snow/R_input/WY,csv,2778672
485415.csv,/pub10/ushcn_snow/R_input/WY,csv,1535457
485830.csv,/pub10/ushcn_snow/R_input/WY,csv,2454115
486195.csv,/pub10/ushcn_snow/R_input/WY,csv,1799658
486440.csv,/pub10/ushcn_snow/R_input/WY,csv,2571206
486660.csv,/pub10/ushcn_snow/R_input/WY,csv,2592849
487115.csv,/pub10/ushcn_snow/R_input/WY,csv,1968617
487240.csv,/pub10/ushcn_snow/R_input/WY,csv,599184
487260.csv,/pub10/ushcn_snow/R_input/WY,csv,1553370
487388.csv,/pub10/ushcn_snow/R_input/WY,csv,802788
487760.csv,/pub10/ushcn_snow/R_input/WY,csv,2432920
487845.csv,/pub10/ushcn_snow/R_input/WY,csv,1539615
487990.csv,/pub10/ushcn_snow/R_input/WY,csv,1482950
488160.csv,/pub10/ushcn_snow/R_input/WY,csv,2416908
488995.csv,/pub10/ushcn_snow/R_input/WY,csv,2436237
489615.csv,/pub10/ushcn_snow/R_input/WY,csv,2852625
489770.csv,/pub10/ushcn_snow/R_input/WY,csv,2251332
489905.csv,/pub10/ushcn_snow/R_input/WY,csv,2320920
Rplots.pdf,/pub10/ushcn_snow/R_input/plots,pdf,4970
barchart.pdf,/pub10/ushcn_snow/R_input/plots,pdf,4646
daily_avg.pdf,/pub10/ushcn_snow/R_input/plots,pdf,6937
monthly_mean.pdf,/pub10/ushcn_snow/R_input/plots,pdf,4646
monthtrend.pdf,/pub10/ushcn_snow/R_input/plots,pdf,4662
prob.pdf,/pub10/ushcn_snow/R_input/plots,pdf,7049
record_years.pdf,/pub10/ushcn_snow/R_input/plots,pdf,6999
testout.pdf,/pub10/ushcn_snow/R_input/plots,pdf,4541
